"Site ID","Project Name","Location Name","Site Name","AP Site Code",ISP,Province,Municipality,Status,"Created At","Updated At","Created By"
1042,"Emergency Procurement","Alfonso Castañeda MDRRMO","Alfonso Castañeda MDRRMO Grounds",SINAG-R2-050A,"IT BUSINESS SOLUTIONS","Nueva Vizcaya","Alfonso Castañeda",REBATES,"2026-03-10 08:47:48","2026-03-10 08:47:48",5
1043,"Emergency Procurement","Alfonso Castañeda MDRRMO","Alfonso Castañeda MDRRMO Municipal Evacuation - Front",SINAG-R2-050B,"IT BUSINESS SOLUTIONS","Nueva Vizcaya","Alfonso Castañeda",REBATES,"2026-03-10 08:47:49","2026-03-10 08:47:49",5
1044,"Emergency Procurement","Ambaguio MDRRMO","Ambaguio MDRRMO Front",SINAG-R2-051A,"IT BUSINESS SOLUTIONS","Nueva Vizcaya",Ambaguio,REBATES,"2026-03-10 08:47:49","2026-03-10 08:47:49",5
1045,"Emergency Procurement","Ambaguio MDRRMO","Ambaguio MDRRMO Side",SINAG-R2-051B,"IT BUSINESS SOLUTIONS","Nueva Vizcaya",Ambaguio,REBATES,"2026-03-10 08:47:49","2026-03-10 08:47:49",5
1047,"Emergency Procurement","Aritao MDRRMO","Aritao MDRRMO MDRRMO Back",SINAG-R2-052B,"IT BUSINESS SOLUTIONS","Nueva Vizcaya",Aritao,REBATES,"2026-03-10 08:47:49","2026-03-10 08:47:49",5
1046,"Emergency Procurement","Aritao MDRRMO","Aritao MDRRMO MDRRMO Front",SINAG-R2-052A,"IT BUSINESS SOLUTIONS","Nueva Vizcaya",Aritao,REBATES,"2026-03-10 08:47:49","2026-03-10 08:47:49",5
1030,"Emergency Procurement","Ayod Integrated School","Ayod IS - Front",SINAG-R2-044A,"IT BUSINESS SOLUTIONS",Isabela,Dinapigue,REBATES,"2026-03-10 08:47:48","2026-03-10 08:47:48",5
1049,"Emergency Procurement","Bagabag MDRRMO","Bagabag MDRRMO Back",SINAG-R2-053B,"IT BUSINESS SOLUTIONS","Nueva Vizcaya",Bagabag,REBATES,"2026-03-10 08:47:49","2026-03-10 08:47:49",5
1048,"Emergency Procurement","Bagabag MDRRMO","Bagabag MDRRMO Front",SINAG-R2-053A,"IT BUSINESS SOLUTIONS","Nueva Vizcaya",Bagabag,REBATES,"2026-03-10 08:47:49","2026-03-10 08:47:49",5
1050,"Emergency Procurement","Bambang MDRRMO","Bambang MDRRMO Front",SINAG-R2-054A,"IT BUSINESS SOLUTIONS","Nueva Vizcaya",Bambang,REBATES,"2026-03-10 08:47:49","2026-03-10 08:47:49",5
1051,"Emergency Procurement","Bambang MDRRMO","Bambang MDRRMO Side (Covered Court)",SINAG-R2-054B,"IT BUSINESS SOLUTIONS","Nueva Vizcaya",Bambang,REBATES,"2026-03-10 08:47:49","2026-03-10 08:47:49",5
1031,"Emergency Procurement","Ayod Integrated School","Beside the building",SINAG-R2-044B,"IT BUSINESS SOLUTIONS",Isabela,Dinapigue,REBATES,"2026-03-10 08:47:48","2026-03-10 08:47:48",5
1021,"Emergency Procurement","Cadsalan Integrated School","Cadsalan Integrated School Admin Office - Side",SINAG-R2-039B,"IT BUSINESS SOLUTIONS",Isabela,"San Mariano",REBATES,"2026-03-10 08:47:48","2026-03-10 08:47:48",5
1020,"Emergency Procurement","Cadsalan Integrated School","Cadsalan Integrated School High School Grounds",SINAG-R2-039A,"IT BUSINESS SOLUTIONS",Isabela,"San Mariano",REBATES,"2026-03-10 08:47:48","2026-03-10 08:47:48",5
1027,"Emergency Procurement","Dallao Barangay Hall","Dallao Barangay Gymnasium",SINAG-R2-042B,"IT BUSINESS SOLUTIONS",Isabela,Cordon,REBATES,"2026-03-10 08:47:48","2026-03-10 08:47:48",5
1026,"Emergency Procurement","Dallao Barangay Hall","Dallao Barangay Hall Entrance",SINAG-R2-042A,"IT BUSINESS SOLUTIONS",Isabela,Cordon,REBATES,"2026-03-10 08:47:48","2026-03-10 08:47:48",5
1053,"Emergency Procurement","Diadi MDRRMO","Diadi MDRRMO Back",SINAG-R2-055B,"IT BUSINESS SOLUTIONS","Nueva Vizcaya",Diadi,REBATES,"2026-03-10 08:47:49","2026-03-10 08:47:49",5
1052,"Emergency Procurement","Diadi MDRRMO","Diadi MDRRMO Front",SINAG-R2-055A,"IT BUSINESS SOLUTIONS","Nueva Vizcaya",Diadi,REBATES,"2026-03-10 08:47:49","2026-03-10 08:47:49",5
1033,"Emergency Procurement","Dinapigue Municipal Hall","Dinapigue Municipal Back",SINAG-R2-045B,"IT BUSINESS SOLUTIONS",Isabela,Dinapigue,REBATES,"2026-03-10 08:47:48","2026-03-10 08:47:48",5
1032,"Emergency Procurement","Dinapigue Municipal Hall","Dinapigue Municipal Front",SINAG-R2-045A,"IT BUSINESS SOLUTIONS",Isabela,Dinapigue,REBATES,"2026-03-10 08:47:48","2026-03-10 08:47:48",5
1007,"Emergency Procurement","Divilacan Municipal Hall","Divilacan Municipal Hall Back of Municipal Hall",SINAG-R2-032B,"IT BUSINESS SOLUTIONS",Isabela,Divilacan,REBATES,"2026-03-10 08:47:48","2026-03-10 08:47:48",5
1006,"Emergency Procurement","Divilacan Municipal Hall","Divilacan Municipal Hall Front of Municipal Hall",SINAG-R2-032A,"IT BUSINESS SOLUTIONS",Isabela,Divilacan,REBATES,"2026-03-10 08:47:48","2026-03-10 08:47:48",5
1055,"Emergency Procurement","Dupax del Norte MDRRMO","Dupax del Norte MDRRMO Back",SINAG-R2-056B,"IT BUSINESS SOLUTIONS","Nueva Vizcaya","Dupax Del Norte",REBATES,"2026-03-10 08:47:49","2026-03-10 08:47:49",5
1054,"Emergency Procurement","Dupax del Norte MDRRMO","Dupax del Norte MDRRMO Front",SINAG-R2-056A,"IT BUSINESS SOLUTIONS","Nueva Vizcaya","Dupax Del Norte",REBATES,"2026-03-10 08:47:49","2026-03-10 08:47:49",5
1057,"Emergency Procurement","Dupax del Sur MDRRMO","Dupax del Sur MDRRMO Back",SINAG-R2-057B,"IT BUSINESS SOLUTIONS","Nueva Vizcaya","Dupax Del Sur",REBATES,"2026-03-10 08:47:49","2026-03-10 08:47:49",5
1056,"Emergency Procurement","Dupax del Sur MDRRMO","Dupax del Sur MDRRMO Front",SINAG-R2-057A,"IT BUSINESS SOLUTIONS","Nueva Vizcaya","Dupax Del Sur",REBATES,"2026-03-10 08:47:49","2026-03-10 08:47:49",5
1059,"Emergency Procurement","Kasibu MDRRMO","Kasibu MDRRMO Back",SINAG-R2-058B,"IT BUSINESS SOLUTIONS","Nueva Vizcaya",Kasibu,REBATES,"2026-03-10 08:47:49","2026-03-10 08:47:49",5
1058,"Emergency Procurement","Kasibu MDRRMO","Kasibu MDRRMO Front",SINAG-R2-058A,"IT BUSINESS SOLUTIONS","Nueva Vizcaya",Kasibu,REBATES,"2026-03-10 08:47:49","2026-03-10 08:47:49",5
1060,"Emergency Procurement","Kayapa MDRRMO","Kayapa MDRRMO Front",SINAG-R2-059A,"IT BUSINESS SOLUTIONS","Nueva Vizcaya",Kayapa,REBATES,"2026-03-10 08:47:49","2026-03-10 08:47:49",5
1061,"Emergency Procurement","Kayapa MDRRMO","Kayapa MDRRMO Side",SINAG-R2-059B,"IT BUSINESS SOLUTIONS","Nueva Vizcaya",Kayapa,REBATES,"2026-03-10 08:47:49","2026-03-10 08:47:49",5
1062,"Emergency Procurement","Laya Elementary School","Laya Elementary School Main Bldg. - Front",SINAG-R2-060A,"IT BUSINESS SOLUTIONS","Nueva Vizcaya",Quezon,REBATES,"2026-03-10 08:47:49","2026-03-10 08:47:49",5
1063,"Emergency Procurement","Laya Elementary School","Laya Elementary SchoolMain Bldg. - Back",SINAG-R2-060B,"IT BUSINESS SOLUTIONS","Nueva Vizcaya",Quezon,REBATES,"2026-03-10 08:47:49","2026-03-10 08:47:49",5
1010,"Emergency Procurement","Maconacon MDRRMO","Maconacon MDRRMO Front",SINAG-R2-034A,"IT BUSINESS SOLUTIONS",Isabela,Maconacon,REBATES,"2026-03-10 08:47:48","2026-03-10 08:47:48",5
1011,"Emergency Procurement","Maconacon MDRRMO","Maconacon MDRRMO Inside the Office",SINAG-R2-034B,"IT BUSINESS SOLUTIONS",Isabela,Maconacon,REBATES,"2026-03-10 08:47:48","2026-03-10 08:47:48",5
1008,"Emergency Procurement","Maconacon Municipal Hall","Maconacon Municipal Hall Front",SINAG-R2-033A,"IT BUSINESS SOLUTIONS",Isabela,Maconacon,REBATES,"2026-03-10 08:47:48","2026-03-10 08:47:48",5
1009,"Emergency Procurement","Maconacon Municipal Hall","Maconacon Municipal Hall Office Room",SINAG-R2-033B,"IT BUSINESS SOLUTIONS",Isabela,Maconacon,REBATES,"2026-03-10 08:47:48","2026-03-10 08:47:48",5
1005,"Emergency Procurement","MDRRM Divilacan","MDRRM Divilacan MDRRMO - Back",SINAG-R2-031B,"IT BUSINESS SOLUTIONS",Isabela,Divilacan,REBATES,"2026-03-10 08:47:48","2026-03-10 08:47:48",5
1004,"Emergency Procurement","MDRRM Divilacan","MDRRM Divilacan MDRRMO - Front",SINAG-R2-031A,"IT BUSINESS SOLUTIONS",Isabela,Divilacan,REBATES,"2026-03-10 08:47:48","2026-03-10 08:47:48",5
1036,"Emergency Procurement","MDRRM Echague","MDRRM Echague Entrance",SINAG-R2-047A,"IT BUSINESS SOLUTIONS",Isabela,Echague,REBATES,"2026-03-10 08:47:48","2026-03-10 08:47:48",5
1037,"Emergency Procurement","MDRRM Echague","MDRRM Echague Evacuation Center - Entrance",SINAG-R2-047B,"IT BUSINESS SOLUTIONS",Isabela,Echague,REBATES,"2026-03-10 08:47:48","2026-03-10 08:47:48",5
1034,"Emergency Procurement","MDRRM Jones","MDRRM Jones Left Wing",SINAG-R2-046A,"IT BUSINESS SOLUTIONS",Isabela,Jones,REBATES,"2026-03-10 08:47:48","2026-03-10 08:47:48",5
1035,"Emergency Procurement","MDRRM Jones","MDRRM Jones Right Wing",SINAG-R2-046B,"IT BUSINESS SOLUTIONS",Isabela,Jones,REBATES,"2026-03-10 08:47:48","2026-03-10 08:47:48",5
1017,"Emergency Procurement","MDRRM Palanan","MDRRM Palanan MDRRMO - Back",SINAG-R2-037B,"IT BUSINESS SOLUTIONS",Isabela,Palanan,REBATES,"2026-03-10 08:47:48","2026-03-10 08:47:48",5
1016,"Emergency Procurement","MDRRM Palanan","MDRRM Palanan MDRRMO - Front",SINAG-R2-037A,"IT BUSINESS SOLUTIONS",Isabela,Palanan,REBATES,"2026-03-10 08:47:48","2026-03-10 08:47:48",5
1040,"Emergency Procurement","MDRRM San Isidro","MDRRM San Isidro Entrance",SINAG-R2-049A,"IT BUSINESS SOLUTIONS",Isabela,"San Isidro",REBATES,"2026-03-10 08:47:48","2026-03-10 08:47:48",5
1041,"Emergency Procurement","MDRRM San Isidro","MDRRM San Isidro Evacuation Center",SINAG-R2-049B,"IT BUSINESS SOLUTIONS",Isabela,"San Isidro",REBATES,"2026-03-10 08:47:48","2026-03-10 08:47:48",5
1022,"Emergency Procurement","MDRRMO Alicia","MDRRMO Alicia Receiving Area",SINAG-R2-040A,"IT BUSINESS SOLUTIONS",Isabela,Alicia,REBATES,"2026-03-10 08:47:48","2026-03-10 08:47:48",5
1023,"Emergency Procurement","MDRRMO Alicia","MDRRMO Alicia Right Side",SINAG-R2-040B,"IT BUSINESS SOLUTIONS",Isabela,Alicia,REBATES,"2026-03-10 08:47:48","2026-03-10 08:47:48",5
1019,"Emergency Procurement","Palanan Municipal Hall","Palanan Municipal Hall Back",SINAG-R2-038B,"IT BUSINESS SOLUTIONS",Isabela,Palanan,REBATES,"2026-03-10 08:47:48","2026-03-10 08:47:48",5
1018,"Emergency Procurement","Palanan Municipal Hall","Palanan Municipal Hall Front",SINAG-R2-038A,"IT BUSINESS SOLUTIONS",Isabela,Palanan,REBATES,"2026-03-10 08:47:48","2026-03-10 08:47:48",5
1064,"Emergency Procurement","Quezon MDRRMO","Quezon MDRRMO Front",SINAG-R2-061A,"IT BUSINESS SOLUTIONS","Nueva Vizcaya",Quezon,REBATES,"2026-03-10 08:47:49","2026-03-10 08:47:49",5
1065,"Emergency Procurement","Quezon MDRRMO","Quezon MDRRMO Side (Facing Gym)",SINAG-R2-061B,"IT BUSINESS SOLUTIONS","Nueva Vizcaya",Quezon,REBATES,"2026-03-10 08:47:49","2026-03-10 08:47:49",5
1002,"Emergency Procurement","San Antonio National Highschool","San Antonio National Highschool Admin Bldg. - Left Side",SINAG-R2-030A,"IT BUSINESS SOLUTIONS",Isabela,"Delfin Albano",REBATES,"2026-03-10 08:47:48","2026-03-10 08:47:48",5
1003,"Emergency Procurement","San Antonio National Highschool","San Antonio National Highschool Admin Bldg. - Right Side",SINAG-R2-030B,"IT BUSINESS SOLUTIONS",Isabela,"Delfin Albano",REBATES,"2026-03-10 08:47:48","2026-03-10 08:47:48",5
1012,"Emergency Procurement","San Pablo National High School","San Pablo National High School Admin Bldg. - Front",SINAG-R2-035A,"IT BUSINESS SOLUTIONS",Isabela,"San Pablo",REBATES,"2026-03-10 08:47:48","2026-03-10 08:47:48",5
1013,"Emergency Procurement","San Pablo National High School","San Pablo National High School Gymnasium",SINAG-R2-035B,"IT BUSINESS SOLUTIONS",Isabela,"San Pablo",REBATES,"2026-03-10 08:47:48","2026-03-10 08:47:48",5
1066,"Emergency Procurement","Santa Fe MDRRMO","Santa Fe MDRRMO Front",SINAG-R2-062A,"IT BUSINESS SOLUTIONS","Nueva Vizcaya","Santa Fe",REBATES,"2026-03-10 08:47:49","2026-03-10 08:47:49",5
1067,"Emergency Procurement","Santa Fe MDRRMO","Santa Fe MDRRMO Office",SINAG-R2-062B,"IT BUSINESS SOLUTIONS","Nueva Vizcaya","Santa Fe",REBATES,"2026-03-10 08:47:49","2026-03-10 08:47:49",5
1038,"Emergency Procurement","Sinabbaran Elementary School","Sinabbaran Elementary School Front",SINAG-R2-048A,"IT BUSINESS SOLUTIONS",Isabela,Echague,REBATES,"2026-03-10 08:47:48","2026-03-10 08:47:48",5
1039,"Emergency Procurement","Sinabbaran Elementary School","Sinabbaran Elementary School Kindergarten Building",SINAG-R2-048B,"IT BUSINESS SOLUTIONS",Isabela,Echague,REBATES,"2026-03-10 08:47:48","2026-03-10 08:47:48",5
1068,"Emergency Procurement","Solano MDRRMO","Solano MDRRMO Front",SINAG-R2-063A,"IT BUSINESS SOLUTIONS","Nueva Vizcaya",Solano,REBATES,"2026-03-10 08:47:49","2026-03-10 08:47:49",5
1069,"Emergency Procurement","Solano MDRRMO","Solano MDRRMO Side",SINAG-R2-063B,"IT BUSINESS SOLUTIONS","Nueva Vizcaya",Solano,REBATES,"2026-03-10 08:47:49","2026-03-10 08:47:49",5
1015,"Emergency Procurement","Sto. Tomas Elementary School","Sto. Tomas Elementary School Main Gate - Entrance",SINAG-R2-036B,"IT BUSINESS SOLUTIONS",Isabela,"Santo Tomas",REBATES,"2026-03-10 08:47:48","2026-03-10 08:47:48",5
1014,"Emergency Procurement","Sto. Tomas Elementary School","Sto. Tomas Elementary School Principal’s Office - Right Side",SINAG-R2-036A,"IT BUSINESS SOLUTIONS",Isabela,"Santo Tomas",REBATES,"2026-03-10 08:47:48","2026-03-10 08:47:48",5
1028,"Emergency Procurement","Taliktik Barangay Hall","Taliktik Barangay Hall Left Side",SINAG-R2-043A,"IT BUSINESS SOLUTIONS",Isabela,Cordon,REBATES,"2026-03-10 08:47:48","2026-03-10 08:47:48",5
1029,"Emergency Procurement","Taliktik Barangay Hall","Taliktik Barangay Hall Right Side",SINAG-R2-043B,"IT BUSINESS SOLUTIONS",Isabela,Cordon,REBATES,"2026-03-10 08:47:48","2026-03-10 08:47:48",5
1025,"Emergency Procurement","Viga Elementary School","Viga Elementary School Admin Building - Back",SINAG-R2-041B,"IT BUSINESS SOLUTIONS",Isabela,Angadanan,REBATES,"2026-03-10 08:47:48","2026-03-10 08:47:48",5
1024,"Emergency Procurement","Viga Elementary School","Viga Elementary School Gymnasium",SINAG-R2-041A,"IT BUSINESS SOLUTIONS",Isabela,Angadanan,REBATES,"2026-03-10 08:47:48","2026-03-10 08:47:48",5
1071,"Emergency Procurement","Villaverde MDRRMO","Villaverde MDRRMO Back",SINAG-R2-064B,"IT BUSINESS SOLUTIONS","Nueva Vizcaya",Villaverde,REBATES,"2026-03-10 08:47:49","2026-03-10 08:47:49",5
1070,"Emergency Procurement","Villaverde MDRRMO","Villaverde MDRRMO Front",SINAG-R2-064A,"IT BUSINESS SOLUTIONS","Nueva Vizcaya",Villaverde,REBATES,"2026-03-10 08:47:49","2026-03-10 08:47:49",5
